{
    "Ar36": {
        "error": 9.806227564473139e-05, 
        "filter_outliers_dict": {
            "filter_outliers": true, 
            "iterations": 1, 
            "std_devs": 2
        }, 
        "fit": "Parabolic", 
        "value": 0.0009313169311049381
    }, 
    "Ar37": {
        "error": 0.003902709679869477, 
        "filter_outliers_dict": {
            "filter_outliers": true, 
            "iterations": 1, 
            "std_devs": 2
        }, 
        "fit": "linear", 
        "value": 0.15868053810288588
    }, 
    "Ar38": {
        "error": 0.0017794729080465434, 
        "filter_outliers_dict": {
            "filter_outliers": true, 
            "iterations": 1, 
            "std_devs": 2
        }, 
        "fit": "linear", 
        "value": -0.006640412415233713
    }, 
    "Ar39": {
        "error": 0.00693020229505162, 
        "filter_outliers_dict": {
            "filter_outliers": true, 
            "iterations": 1, 
            "std_devs": 2
        }, 
        "fit": "Parabolic", 
        "value": 0.06001438117918326
    }, 
    "Ar40": {
        "error": 0.005905347029839444, 
        "filter_outliers_dict": {
            "filter_outliers": true, 
            "iterations": 1, 
            "std_devs": 2
        }, 
        "fit": "Parabolic", 
        "value": 0.10831583552934686
    }, 
    "Ar41": {
        "error": 0.004355693485094482, 
        "filter_outliers_dict": {
            "filter_outliers": true, 
            "iterations": 1, 
            "std_devs": 2
        }, 
        "fit": "linear", 
        "value": 0.08282408256829009
    }
}