{
    "Ar36": {
        "error": 0.00017234427192456387, 
        "filter_outliers_dict": {
            "filter_outliers": true, 
            "iterations": 1, 
            "std_devs": 2
        }, 
        "fit": "Parabolic", 
        "value": 0.0046167037447104224
    }, 
    "Ar37": {
        "error": 0.0050586544421492114, 
        "filter_outliers_dict": {
            "filter_outliers": true, 
            "iterations": 1, 
            "std_devs": 2
        }, 
        "fit": "linear", 
        "value": 0.006459447474784398
    }, 
    "Ar38": {
        "error": 0.0021620565338848034, 
        "filter_outliers_dict": {
            "filter_outliers": true, 
            "iterations": 1, 
            "std_devs": 2
        }, 
        "fit": "linear", 
        "value": -0.0054574049509456
    }, 
    "Ar39": {
        "error": 0.008648864833646134, 
        "filter_outliers_dict": {
            "filter_outliers": true, 
            "iterations": 1, 
            "std_devs": 2
        }, 
        "fit": "Parabolic", 
        "value": -0.01585014122958563
    }, 
    "Ar40": {
        "error": 0.006691884305694182, 
        "filter_outliers_dict": {
            "filter_outliers": true, 
            "iterations": 1, 
            "std_devs": 2
        }, 
        "fit": "Parabolic", 
        "value": 0.06858348166020359
    }, 
    "Ar41": {
        "error": 0.0066144299608956346, 
        "filter_outliers_dict": {
            "filter_outliers": true, 
            "iterations": 1, 
            "std_devs": 2
        }, 
        "fit": "linear", 
        "value": -0.1774290094304164
    }
}