{
    "AX": {
        "error": 0.004923143720286227, 
        "filter_outliers_dict": {
            "filter_outliers": true, 
            "iterations": 1, 
            "std_devs": 2
        }, 
        "fit": "average", 
        "value": 0.039574964192813575
    }, 
    "CDD": {
        "error": 2.749975981048961e-06, 
        "filter_outliers_dict": {
            "filter_outliers": true, 
            "iterations": 1, 
            "std_devs": 10
        }, 
        "fit": "average", 
        "value": 6.255160581350957e-06
    }, 
    "H1": {
        "error": 0.0032188609879370915, 
        "filter_outliers_dict": {
            "filter_outliers": true, 
            "iterations": 1, 
            "std_devs": 2
        }, 
        "fit": "average", 
        "value": -0.03451042317860151
    }, 
    "H2": {
        "error": 0.0035636851251004383, 
        "filter_outliers_dict": {
            "filter_outliers": true, 
            "iterations": 1, 
            "std_devs": 2
        }, 
        "fit": "average", 
        "value": 0.07063819896959438
    }, 
    "L1": {
        "error": 0.0014554652047362089, 
        "filter_outliers_dict": {
            "filter_outliers": true, 
            "iterations": 1, 
            "std_devs": 2
        }, 
        "fit": "average", 
        "value": -0.008823839319926014
    }, 
    "L2": {
        "error": 0.0038646227988718006, 
        "filter_outliers_dict": {
            "filter_outliers": true, 
            "iterations": 1, 
            "std_devs": 2
        }, 
        "fit": "average", 
        "value": 0.14176581482095174
    }
}