{
    "AX": {
        "error": 0.004896991199025522, 
        "filter_outliers_dict": {
            "filter_outliers": true, 
            "iterations": 1, 
            "std_devs": 2
        }, 
        "fit": "average", 
        "value": 0.05425624367748724
    }, 
    "CDD": {
        "error": 5.676180727947746e-06, 
        "filter_outliers_dict": {
            "filter_outliers": true, 
            "iterations": 1, 
            "std_devs": 10
        }, 
        "fit": "average", 
        "value": 2.864977123062697e-05
    }, 
    "H1": {
        "error": 0.003739927627655655, 
        "filter_outliers_dict": {
            "filter_outliers": true, 
            "iterations": 1, 
            "std_devs": 2
        }, 
        "fit": "average", 
        "value": 0.17691095338225854
    }, 
    "H2": {
        "error": 0.004304384954699418, 
        "filter_outliers_dict": {
            "filter_outliers": true, 
            "iterations": 1, 
            "std_devs": 2
        }, 
        "fit": "average", 
        "value": 0.08201428691134051
    }, 
    "L1": {
        "error": 0.0017851842723494524, 
        "filter_outliers_dict": {
            "filter_outliers": true, 
            "iterations": 1, 
            "std_devs": 2
        }, 
        "fit": "average", 
        "value": -0.18425014442210605
    }, 
    "L2": {
        "error": 0.004381000448593743, 
        "filter_outliers_dict": {
            "filter_outliers": true, 
            "iterations": 1, 
            "std_devs": 2
        }, 
        "fit": "average", 
        "value": -0.018381709318260043
    }
}