{
    "AX": {
        "error": 0.003994261994127542, 
        "filter_outliers_dict": {
            "filter_outliers": true, 
            "iterations": 1, 
            "std_devs": 2
        }, 
        "fit": "average", 
        "value": 0.04157776640807049
    }, 
    "CDD": {
        "error": 2.8127620595321583e-06, 
        "filter_outliers_dict": {
            "filter_outliers": true, 
            "iterations": 1, 
            "std_devs": 10
        }, 
        "fit": "average", 
        "value": 1.0057626254433933e-05
    }, 
    "H1": {
        "error": 0.002728093056894798, 
        "filter_outliers_dict": {
            "filter_outliers": true, 
            "iterations": 1, 
            "std_devs": 2
        }, 
        "fit": "average", 
        "value": -0.039266914961110795
    }, 
    "H2": {
        "error": 0.004086114961289593, 
        "filter_outliers_dict": {
            "filter_outliers": true, 
            "iterations": 1, 
            "std_devs": 2
        }, 
        "fit": "average", 
        "value": 0.06432418996025592
    }, 
    "L1": {
        "error": 0.0014863910664891548, 
        "filter_outliers_dict": {
            "filter_outliers": true, 
            "iterations": 1, 
            "std_devs": 2
        }, 
        "fit": "average", 
        "value": -0.001552658872078864
    }, 
    "L2": {
        "error": 0.003354856787947349, 
        "filter_outliers_dict": {
            "filter_outliers": true, 
            "iterations": 1, 
            "std_devs": 2
        }, 
        "fit": "average", 
        "value": 0.13164384653422942
    }
}