{
    "Ar36": {
        "error": 0.0028183538262635623, 
        "filter_outliers_dict": {
            "filter_outliers": true, 
            "iterations": 1, 
            "std_devs": 2
        }, 
        "fit": "Parabolic", 
        "value": 2.627759081138434
    }, 
    "Ar37": {
        "error": 0.005152375781946902, 
        "filter_outliers_dict": {
            "filter_outliers": true, 
            "iterations": 1, 
            "std_devs": 2
        }, 
        "fit": "linear", 
        "value": 0.01580506349318526
    }, 
    "Ar38": {
        "error": 0.002232132279697779, 
        "filter_outliers_dict": {
            "filter_outliers": true, 
            "iterations": 1, 
            "std_devs": 2
        }, 
        "fit": "linear", 
        "value": 0.4975023992162854
    }, 
    "Ar39": {
        "error": 0.008046355172536698, 
        "filter_outliers_dict": {
            "filter_outliers": true, 
            "iterations": 1, 
            "std_devs": 2
        }, 
        "fit": "Parabolic", 
        "value": 0.038190728467828096
    }, 
    "Ar40": {
        "error": 0.037756249093618494, 
        "filter_outliers_dict": {
            "filter_outliers": true, 
            "iterations": 1, 
            "std_devs": 2
        }, 
        "fit": "Parabolic", 
        "value": 784.096691225779
    }, 
    "Ar41": {
        "error": 0.006823352690029806, 
        "filter_outliers_dict": {
            "filter_outliers": true, 
            "iterations": 1, 
            "std_devs": 2
        }, 
        "fit": "linear", 
        "value": -0.0384451461078645
    }
}