{
    "Ar36": {
        "error": 0.002799641490084894, 
        "filter_outliers_dict": {
            "filter_outliers": true, 
            "iterations": 1, 
            "std_devs": 2
        }, 
        "fit": "Parabolic", 
        "value": 2.6151060470073646
    }, 
    "Ar37": {
        "error": 0.005197195635821193, 
        "filter_outliers_dict": {
            "filter_outliers": true, 
            "iterations": 1, 
            "std_devs": 2
        }, 
        "fit": "linear", 
        "value": 0.01764619556945439
    }, 
    "Ar38": {
        "error": 0.0022346965800126395, 
        "filter_outliers_dict": {
            "filter_outliers": true, 
            "iterations": 1, 
            "std_devs": 2
        }, 
        "fit": "linear", 
        "value": 0.5013705869579052
    }, 
    "Ar39": {
        "error": 0.008019787907800613, 
        "filter_outliers_dict": {
            "filter_outliers": true, 
            "iterations": 1, 
            "std_devs": 2
        }, 
        "fit": "Parabolic", 
        "value": 0.05620867674492897
    }, 
    "Ar40": {
        "error": 0.03473273171676391, 
        "filter_outliers_dict": {
            "filter_outliers": true, 
            "iterations": 1, 
            "std_devs": 2
        }, 
        "fit": "Parabolic", 
        "value": 780.740117513099
    }, 
    "Ar41": {
        "error": 0.006342806706691297, 
        "filter_outliers_dict": {
            "filter_outliers": true, 
            "iterations": 1, 
            "std_devs": 2
        }, 
        "fit": "linear", 
        "value": -0.01781888530398755
    }
}