{
    "Ar36": {
        "error": 0.0009424295729323133, 
        "filter_outliers_dict": {
            "filter_outliers": true, 
            "iterations": 1, 
            "std_devs": 2
        }, 
        "fit": "Parabolic", 
        "value": 0.33327002516947735
    }, 
    "Ar37": {
        "error": 0.005038301889138047, 
        "filter_outliers_dict": {
            "filter_outliers": true, 
            "iterations": 1, 
            "std_devs": 2
        }, 
        "fit": "linear", 
        "value": 0.011478277693912157
    }, 
    "Ar38": {
        "error": 0.0021176188518829777, 
        "filter_outliers_dict": {
            "filter_outliers": true, 
            "iterations": 1, 
            "std_devs": 2
        }, 
        "fit": "linear", 
        "value": 0.059197740725308194
    }, 
    "Ar39": {
        "error": 0.007937340863071584, 
        "filter_outliers_dict": {
            "filter_outliers": true, 
            "iterations": 1, 
            "std_devs": 2
        }, 
        "fit": "Parabolic", 
        "value": 0.08880340718437142
    }, 
    "Ar40": {
        "error": 0.013433961244490013, 
        "filter_outliers_dict": {
            "filter_outliers": true, 
            "iterations": 1, 
            "std_devs": 2
        }, 
        "fit": "Parabolic", 
        "value": 97.20854699755402
    }, 
    "Ar41": {
        "error": 0.005736275582306505, 
        "filter_outliers_dict": {
            "filter_outliers": true, 
            "iterations": 1, 
            "std_devs": 2
        }, 
        "fit": "linear", 
        "value": -0.02800447619978078
    }
}