{
    "Ar36": {
        "error": 0.002929529893109641, 
        "filter_outliers_dict": {
            "filter_outliers": true, 
            "iterations": 1, 
            "std_devs": 2
        }, 
        "fit": "Parabolic", 
        "value": 2.5881696876743803
    }, 
    "Ar37": {
        "error": 0.0049769525839898085, 
        "filter_outliers_dict": {
            "filter_outliers": true, 
            "iterations": 1, 
            "std_devs": 2
        }, 
        "fit": "linear", 
        "value": 0.019640233542793897
    }, 
    "Ar38": {
        "error": 0.0022355591690884262, 
        "filter_outliers_dict": {
            "filter_outliers": true, 
            "iterations": 1, 
            "std_devs": 2
        }, 
        "fit": "linear", 
        "value": 0.4663801876448625
    }, 
    "Ar39": {
        "error": 0.008607862258331607, 
        "filter_outliers_dict": {
            "filter_outliers": true, 
            "iterations": 1, 
            "std_devs": 2
        }, 
        "fit": "Parabolic", 
        "value": -0.022293231613366188
    }, 
    "Ar40": {
        "error": 0.03653147524586564, 
        "filter_outliers_dict": {
            "filter_outliers": true, 
            "iterations": 1, 
            "std_devs": 2
        }, 
        "fit": "Parabolic", 
        "value": 757.5775711125261
    }, 
    "Ar41": {
        "error": 0.005864368817068219, 
        "filter_outliers_dict": {
            "filter_outliers": true, 
            "iterations": 1, 
            "std_devs": 2
        }, 
        "fit": "linear", 
        "value": -0.13422418900103808
    }
}