{
    "Ar36": {
        "error": 0.0028470532296010066, 
        "filter_outliers_dict": {
            "filter_outliers": true, 
            "iterations": 1, 
            "std_devs": 2
        }, 
        "fit": "Parabolic", 
        "value": 2.9493777010409623
    }, 
    "Ar37": {
        "error": 0.005324472700049096, 
        "filter_outliers_dict": {
            "filter_outliers": true, 
            "iterations": 1, 
            "std_devs": 2
        }, 
        "fit": "linear", 
        "value": 0.017666447702811366
    }, 
    "Ar38": {
        "error": 0.001953380962485986, 
        "filter_outliers_dict": {
            "filter_outliers": true, 
            "iterations": 1, 
            "std_devs": 2
        }, 
        "fit": "linear", 
        "value": 0.3872563907710093
    }, 
    "Ar39": {
        "error": 0.00877629329830131, 
        "filter_outliers_dict": {
            "filter_outliers": true, 
            "iterations": 1, 
            "std_devs": 2
        }, 
        "fit": "Parabolic", 
        "value": 0.1516434906261035
    }, 
    "Ar40": {
        "error": 0.037874614676703625, 
        "filter_outliers_dict": {
            "filter_outliers": true, 
            "iterations": 1, 
            "std_devs": 2
        }, 
        "fit": "Parabolic", 
        "value": 854.0117546673291
    }, 
    "Ar41": {
        "error": 0.0055807848794253686, 
        "filter_outliers_dict": {
            "filter_outliers": true, 
            "iterations": 1, 
            "std_devs": 2
        }, 
        "fit": "linear", 
        "value": 0.19996002535033972
    }
}