{
    "Ar36": {
        "error": 0.001618779583392301, 
        "filter_outliers_dict": {
            "filter_outliers": true, 
            "iterations": 1, 
            "std_devs": 2
        }, 
        "fit": "Parabolic", 
        "value": 0.8626693192215539
    }, 
    "Ar37": {
        "error": 0.005122004416433416, 
        "filter_outliers_dict": {
            "filter_outliers": true, 
            "iterations": 1, 
            "std_devs": 2
        }, 
        "fit": "linear", 
        "value": 0.01637463687052773
    }, 
    "Ar38": {
        "error": 0.002112215692773519, 
        "filter_outliers_dict": {
            "filter_outliers": true, 
            "iterations": 1, 
            "std_devs": 2
        }, 
        "fit": "linear", 
        "value": 0.0007465741284963328
    }, 
    "Ar39": {
        "error": 0.009302635021522872, 
        "filter_outliers_dict": {
            "filter_outliers": true, 
            "iterations": 1, 
            "std_devs": 2
        }, 
        "fit": "Parabolic", 
        "value": 0.18737714784250292
    }, 
    "Ar40": {
        "error": 0.01979941726467864, 
        "filter_outliers_dict": {
            "filter_outliers": true, 
            "iterations": 1, 
            "std_devs": 2
        }, 
        "fit": "Parabolic", 
        "value": 247.19808424155966
    }, 
    "Ar41": {
        "error": 0.005396647077584358, 
        "filter_outliers_dict": {
            "filter_outliers": true, 
            "iterations": 1, 
            "std_devs": 2
        }, 
        "fit": "linear", 
        "value": 0.16370643329512885
    }
}