{
    "Ar36": {
        "error": 0.0029503760187022153, 
        "filter_outliers_dict": {
            "filter_outliers": true, 
            "iterations": 1, 
            "std_devs": 2
        }, 
        "fit": "Parabolic", 
        "value": 2.6960953792747864
    }, 
    "Ar37": {
        "error": 0.005009921442552355, 
        "filter_outliers_dict": {
            "filter_outliers": true, 
            "iterations": 1, 
            "std_devs": 2
        }, 
        "fit": "linear", 
        "value": 0.012172380061568188
    }, 
    "Ar38": {
        "error": 0.0019065835789662162, 
        "filter_outliers_dict": {
            "filter_outliers": true, 
            "iterations": 1, 
            "std_devs": 2
        }, 
        "fit": "linear", 
        "value": 0.34695091214373197
    }, 
    "Ar39": {
        "error": 0.008615809218328795, 
        "filter_outliers_dict": {
            "filter_outliers": true, 
            "iterations": 1, 
            "std_devs": 2
        }, 
        "fit": "Parabolic", 
        "value": 0.14293043995320234
    }, 
    "Ar40": {
        "error": 0.0325287540142839, 
        "filter_outliers_dict": {
            "filter_outliers": true, 
            "iterations": 1, 
            "std_devs": 2
        }, 
        "fit": "Parabolic", 
        "value": 795.5906414090243
    }, 
    "Ar41": {
        "error": 0.005416105941860083, 
        "filter_outliers_dict": {
            "filter_outliers": true, 
            "iterations": 1, 
            "std_devs": 2
        }, 
        "fit": "linear", 
        "value": 0.2129259539070387
    }
}