{
    "Ar36": {
        "error": 0.0010053461743807343, 
        "filter_outliers_dict": {
            "filter_outliers": true, 
            "iterations": 1, 
            "std_devs": 2
        }, 
        "fit": "Parabolic", 
        "value": 0.3386965485015432
    }, 
    "Ar37": {
        "error": 0.005026120675719569, 
        "filter_outliers_dict": {
            "filter_outliers": true, 
            "iterations": 1, 
            "std_devs": 2
        }, 
        "fit": "linear", 
        "value": 0.011989293153695662
    }, 
    "Ar38": {
        "error": 0.0022456365943256777, 
        "filter_outliers_dict": {
            "filter_outliers": true, 
            "iterations": 1, 
            "std_devs": 2
        }, 
        "fit": "linear", 
        "value": -0.08467425872411198
    }, 
    "Ar39": {
        "error": 0.008484776980683015, 
        "filter_outliers_dict": {
            "filter_outliers": true, 
            "iterations": 1, 
            "std_devs": 2
        }, 
        "fit": "Parabolic", 
        "value": 0.10252730778354163
    }, 
    "Ar40": {
        "error": 0.01276307651465696, 
        "filter_outliers_dict": {
            "filter_outliers": true, 
            "iterations": 1, 
            "std_devs": 2
        }, 
        "fit": "Parabolic", 
        "value": 97.60925097784359
    }, 
    "Ar41": {
        "error": 0.00599465116780815, 
        "filter_outliers_dict": {
            "filter_outliers": true, 
            "iterations": 1, 
            "std_devs": 2
        }, 
        "fit": "linear", 
        "value": -1.304525838814357
    }
}