{
    "Ar36": {
        "error": 0.0005508316592402913, 
        "filter_outliers_dict": {
            "filter_outliers": true, 
            "iterations": 1, 
            "std_devs": 2
        }, 
        "fit": "Parabolic", 
        "value": 0.1900626677573347
    }, 
    "Ar37": {
        "error": 0.003856583305920776, 
        "filter_outliers_dict": {
            "filter_outliers": true, 
            "iterations": 1, 
            "std_devs": 2
        }, 
        "fit": "linear", 
        "value": 0.15897292971240107
    }, 
    "Ar38": {
        "error": 0.0016591446364784522, 
        "filter_outliers_dict": {
            "filter_outliers": true, 
            "iterations": 1, 
            "std_devs": 2
        }, 
        "fit": "linear", 
        "value": 0.04349943238394124
    }, 
    "Ar39": {
        "error": 0.006820137491676548, 
        "filter_outliers_dict": {
            "filter_outliers": true, 
            "iterations": 1, 
            "std_devs": 2
        }, 
        "fit": "Parabolic", 
        "value": 0.051137957976245686
    }, 
    "Ar40": {
        "error": 0.008567239192304399, 
        "filter_outliers_dict": {
            "filter_outliers": true, 
            "iterations": 1, 
            "std_devs": 2
        }, 
        "fit": "Parabolic", 
        "value": 56.01692900810919
    }, 
    "Ar41": {
        "error": 0.004313427934778279, 
        "filter_outliers_dict": {
            "filter_outliers": true, 
            "iterations": 1, 
            "std_devs": 2
        }, 
        "fit": "linear", 
        "value": 0.08517568738998443
    }
}