{
    "Ar36": {
        "error": 0.0026922226844265, 
        "filter_outliers_dict": {
            "filter_outliers": true, 
            "iterations": 1, 
            "std_devs": 2
        }, 
        "fit": "Parabolic", 
        "value": 2.5832357452449948
    }, 
    "Ar37": {
        "error": 0.00518151150622709, 
        "filter_outliers_dict": {
            "filter_outliers": true, 
            "iterations": 1, 
            "std_devs": 2
        }, 
        "fit": "linear", 
        "value": 0.007715571821471366
    }, 
    "Ar38": {
        "error": 0.0022292478119917895, 
        "filter_outliers_dict": {
            "filter_outliers": true, 
            "iterations": 1, 
            "std_devs": 2
        }, 
        "fit": "linear", 
        "value": 0.4940298741235563
    }, 
    "Ar39": {
        "error": 0.008085687056997776, 
        "filter_outliers_dict": {
            "filter_outliers": true, 
            "iterations": 1, 
            "std_devs": 2
        }, 
        "fit": "Parabolic", 
        "value": 0.025253533032374823
    }, 
    "Ar40": {
        "error": 0.03588274241021171, 
        "filter_outliers_dict": {
            "filter_outliers": true, 
            "iterations": 1, 
            "std_devs": 2
        }, 
        "fit": "Parabolic", 
        "value": 777.2111020481173
    }, 
    "Ar41": {
        "error": 0.007668660526839666, 
        "filter_outliers_dict": {
            "filter_outliers": true, 
            "iterations": 1, 
            "std_devs": 2
        }, 
        "fit": "linear", 
        "value": -0.046916445239453264
    }
}