{
    "Ar36": {
        "error": 0.0009277792704249041, 
        "filter_outliers_dict": {
            "filter_outliers": true, 
            "iterations": 1, 
            "std_devs": 2
        }, 
        "fit": "Parabolic", 
        "value": 0.3066300137653356
    }, 
    "Ar37": {
        "error": 0.004992964451441825, 
        "filter_outliers_dict": {
            "filter_outliers": true, 
            "iterations": 1, 
            "std_devs": 2
        }, 
        "fit": "linear", 
        "value": 0.012311444158145397
    }, 
    "Ar38": {
        "error": 0.0020789932440341352, 
        "filter_outliers_dict": {
            "filter_outliers": true, 
            "iterations": 1, 
            "std_devs": 2
        }, 
        "fit": "linear", 
        "value": 0.046632170988572266
    }, 
    "Ar39": {
        "error": 0.008316053299097658, 
        "filter_outliers_dict": {
            "filter_outliers": true, 
            "iterations": 1, 
            "std_devs": 2
        }, 
        "fit": "Parabolic", 
        "value": -0.015615408326542079
    }, 
    "Ar40": {
        "error": 0.013836977795866819, 
        "filter_outliers_dict": {
            "filter_outliers": true, 
            "iterations": 1, 
            "std_devs": 2
        }, 
        "fit": "Parabolic", 
        "value": 90.20868619356602
    }, 
    "Ar41": {
        "error": 0.005969228696960259, 
        "filter_outliers_dict": {
            "filter_outliers": true, 
            "iterations": 1, 
            "std_devs": 2
        }, 
        "fit": "linear", 
        "value": -0.16089534116278026
    }
}