{
    "Ar36": {
        "error": 0.0009943369021056998, 
        "filter_outliers_dict": {
            "filter_outliers": true, 
            "iterations": 1, 
            "std_devs": 2
        }, 
        "fit": "Parabolic", 
        "value": 0.3096757975028334
    }, 
    "Ar37": {
        "error": 0.004841465924966302, 
        "filter_outliers_dict": {
            "filter_outliers": true, 
            "iterations": 1, 
            "std_devs": 2
        }, 
        "fit": "linear", 
        "value": 0.021342989304377887
    }, 
    "Ar38": {
        "error": 0.0021760517602605486, 
        "filter_outliers_dict": {
            "filter_outliers": true, 
            "iterations": 1, 
            "std_devs": 2
        }, 
        "fit": "linear", 
        "value": 0.04500610163114068
    }, 
    "Ar39": {
        "error": 0.008461029560812492, 
        "filter_outliers_dict": {
            "filter_outliers": true, 
            "iterations": 1, 
            "std_devs": 2
        }, 
        "fit": "Parabolic", 
        "value": -0.018231361187074836
    }, 
    "Ar40": {
        "error": 0.012088417021181262, 
        "filter_outliers_dict": {
            "filter_outliers": true, 
            "iterations": 1, 
            "std_devs": 2
        }, 
        "fit": "Parabolic", 
        "value": 90.6595346005375
    }, 
    "Ar41": {
        "error": 0.0060901671050741105, 
        "filter_outliers_dict": {
            "filter_outliers": true, 
            "iterations": 1, 
            "std_devs": 2
        }, 
        "fit": "linear", 
        "value": -0.17807144111995923
    }
}