{
    "Ar36": {
        "error": 0.0009607781707549701, 
        "filter_outliers_dict": {
            "filter_outliers": true, 
            "iterations": 1, 
            "std_devs": 2
        }, 
        "fit": "Parabolic", 
        "value": 0.3107038612945888
    }, 
    "Ar37": {
        "error": 0.0048685302455499, 
        "filter_outliers_dict": {
            "filter_outliers": true, 
            "iterations": 1, 
            "std_devs": 2
        }, 
        "fit": "linear", 
        "value": 0.012904728071792788
    }, 
    "Ar38": {
        "error": 0.0021287476815816256, 
        "filter_outliers_dict": {
            "filter_outliers": true, 
            "iterations": 1, 
            "std_devs": 2
        }, 
        "fit": "linear", 
        "value": 0.04638873001725008
    }, 
    "Ar39": {
        "error": 0.008771997928170731, 
        "filter_outliers_dict": {
            "filter_outliers": true, 
            "iterations": 1, 
            "std_devs": 2
        }, 
        "fit": "Parabolic", 
        "value": -0.023693051979230224
    }, 
    "Ar40": {
        "error": 0.012414351758062925, 
        "filter_outliers_dict": {
            "filter_outliers": true, 
            "iterations": 1, 
            "std_devs": 2
        }, 
        "fit": "Parabolic", 
        "value": 91.01086264264093
    }, 
    "Ar41": {
        "error": 0.006242307184940555, 
        "filter_outliers_dict": {
            "filter_outliers": true, 
            "iterations": 1, 
            "std_devs": 2
        }, 
        "fit": "linear", 
        "value": -0.18873919789709726
    }
}